"ID","Text","Language","Type","Author Name","Author Username","View Count","Reply Count","Retweet Count","Quote Count","Favorite Count","Bookmark Count","Created At","Tweet URL","Source","Hashtags","URLs","Media Type","Media URLs"
"2015833393917747502","MELANIA, the Movie, is a MUST WATCH. Get your tickets today — Selling out, FAST!

Photo: Regine Mahaux
https://t.co/rjwd5Appkv https://t.co/vFpXfV0Mg0","en","Tweet","Donald J. Trump","realDonaldTrump","32130085","47349","39771","4671","367406","11422","2026-01-26 11:05:08","https://x.com/realDonaldTrump/status/2015833393917747502","<a href=""http://twitter.com/download/iphone"" rel=""nofollow"">Twitter for iPhone</a>","","https://www.amazon.com/salp/melaniamovie?hhf","photo","https://pbs.twimg.com/media/G_mtyaXXcAAvj4V.jpg"
"2014874759473828043","I have been briefed on the Record Cold Wave and Historic Winter Storm that will be hitting much of the United States this weekend. The Trump Administration is coordinating with State and Local Officials. FEMA is fully prepared to respond. Stay Safe and Stay Warm! President DJT","en","Tweet","Donald J. Trump","realDonaldTrump","42182512","27854","40360","2330","289634","12169","2026-01-23 19:35:51","https://x.com/realDonaldTrump/status/2014874759473828043","<a href=""http://twitter.com/download/iphone"" rel=""nofollow"">Twitter for iPhone</a>","","","",""
"2014828034075803679","Take this storm seriously, folks.

Moderate to major impacts are expected from the Central US through to the Northeast today through the weekend.
- Hazardous to impossible driving conditions are expected. Avoid travel if at all possible.
- Widespread closures and disruption to infrastructure may also occur.

Stay weather aware and up to date on the latest alerts and weather conditions by following your local national weather service office on social media or checking https://t.co/qk3BcVP5M8.","en","Quoted","National Weather Service","NWS","42831013","1066","3398","622","13626","1664","2026-01-23 16:30:11","https://x.com/NWS/status/2014828034075803679","<a href=""https://buffer.com"" rel=""nofollow"">Buffer</a>","","","photo","https://pbs.twimg.com/media/G_YbauLXcAAdx8t.jpg"
"2014772963719991311","COUNTDOWN: 7 Days until the World will witness an unforgettable, behind-the-scenes, look at one of the most important events of our time.

MELANIA: TWENTY DAYS TO HISTORY:
https://t.co/rjwd5Appkv https://t.co/AHD0rn1M7C","en","Tweet","Donald J. Trump","realDonaldTrump","57951401","37788","49833","3932","395125","28411","2026-01-23 12:51:21","https://x.com/realDonaldTrump/status/2014772963719991311","<a href=""http://twitter.com/download/iphone"" rel=""nofollow"">Twitter for iPhone</a>","","https://www.amazon.com/salp/melaniamovie?hhf","video","https://video.twimg.com/amplify_video/2014772905972776960/vid/avc1/1280x720/m-soU3NaS1n-xyqt.mp4?tag=21"
"2004012442427277591","Merry Christmas to all, including the Radical Left Scum that is doing everything possible to destroy our Country, but are failing badly. We no longer have Open Borders, Men in Women’s Sports, Transgender for Everyone, or Weak Law Enforcement. What we do have is a Record Stock Market and 401K’s, Lowest Crime numbers in decades, No Inflation, and yesterday, a 4.3 GDP, two points better than expected. Tariffs have given us Trillions of Dollars in Growth and Prosperity, and the strongest National Security we have ever had. We are respected again, perhaps like never before. God Bless America!!! President DJT","en","Tweet","Donald J. Trump","realDonaldTrump","74800788","110254","90090","11777","805010","29832","2025-12-24 20:12:53","https://x.com/realDonaldTrump/status/2004012442427277591","<a href=""http://twitter.com/download/iphone"" rel=""nofollow"">Twitter for iPhone</a>","","","",""
"2003565251816554746","THE TRUMP KENNEDY CENTER HONORS will be broadcast tonight, on CBS, and Stream on Paramount+. Tune in at 8 P.M. EST! At the request of the Board, and just about everybody else in America, I am hosting the event. Tell me what you think of my “Master of Ceremony” abilities. If really good, would you like me to leave the Presidency in order to make “hosting” a full time job? We will be honoring true GREATS in the History of Entertainment: Sylvester Stallone, Michael Crawford, KISS, George Strait, and Gloria Gaynor.","en","Tweet","Donald J. Trump","realDonaldTrump","44759041","29631","22348","2178","166244","7052","2025-12-23 14:35:55","https://x.com/realDonaldTrump/status/2003565251816554746","<a href=""http://twitter.com/download/iphone"" rel=""nofollow"">Twitter for iPhone</a>","","","",""
"1995898845134303294","I am asking all America First Patriots in Tennessee’s 7th Congressional District to please GET OUT AND VOTE for a phenomenal Candidate and MAGA Warrior, Matt Van Epps! You can win this Election for Matt, who has my Complete and Total Endorsement. HE WILL BE A GREAT CONGRESSMAN and, unlike his Opponent, he cherishes Christianity and Country Music — She has openly stated that she hates them both!
 
TN-07: Polls close at 7:00 P.M. IF YOU ARE IN LINE BY 7 P.M., STAY IN LINE, AND THEY MUST LET YOU VOTE. GET OUT AND VOTE, VOTE, VOTE FOR MATT VAN EPPS — HE WILL NEVER LET YOU DOWN!
 
Find your voting location and hours at: https://t.co/saCiO9NLKx","en","Tweet","Donald J. Trump","realDonaldTrump","32288736","33171","30420","1142","154630","3463","2025-12-02 10:52:21","https://x.com/realDonaldTrump/status/1995898845134303294","<a href=""http://twitter.com/download/iphone"" rel=""nofollow"">Twitter for iPhone</a>","","","",""
"1995676855651664182","I am asking all America First Patriots in Tennessee’s 7th Congressional District to please GET OUT AND VOTE TOMORROW for a phenomenal Candidate, Matt Van Epps, on Election Day, Tuesday, December 2nd! You can win this Election for MAGA Warrior Matt Van Epps, who has my Complete and Total Endorsement. HE WILL BE A GREAT CONGRESSMAN and, unlike his Opponent, he cherishes Christianity and Country Music — She has openly stated that she hates them both!
 
TN-07: Polls open in all Counties no later than 9:00 A.M., but some open as early as 7:00 A.M. Polls close at 7:00 P.M. IF YOU ARE IN LINE BY 7 P.M., STAY IN LINE, AND THEY MUST LET YOU VOTE! Election Day is TOMORROW, December 2nd. GET OUT AND VOTE, VOTE, VOTE FOR MATT VAN EPPS — HE WILL NEVER LET YOU DOWN!
 
Find your voting location and hours at:
https://t.co/saCiO9NLKx","en","Tweet","Donald J. Trump","realDonaldTrump","26721241","16482","34814","1240","165316","3345","2025-12-01 20:10:14","https://x.com/realDonaldTrump/status/1995676855651664182","<a href=""http://twitter.com/download/iphone"" rel=""nofollow"">Twitter for iPhone</a>","","","",""
"1994760100376891748","To all Airlines, Pilots, Drug Dealers, and Human Traffickers, please consider THE AIRSPACE ABOVE AND SURROUNDING VENEZUELA TO BE CLOSED IN ITS ENTIRETY. Thank you for your attention to this matter! PRESIDENT DONALD J. TRUMP","en","Tweet","Donald J. Trump","realDonaldTrump","89040970","39422","77573","13589","604516","23170","2025-11-29 07:27:23","https://x.com/realDonaldTrump/status/1994760100376891748","<a href=""http://twitter.com/download/iphone"" rel=""nofollow"">Twitter for iPhone</a>","","","",""
"1994438728237064270","The United States did not attend the G20 in South Africa, because the South African Government refuses to acknowledge or address the horrific Human Right Abuses endured by Afrikaners, and other descendants of Dutch, French, and German settlers. To put it more bluntly, they are killing white people, and randomly allowing their farms to be taken from them. Perhaps, worst of all, the soon to be out of business New York Times and the Fake News Media won’t issue a word against this genocide. That’s why all the Liars and Pretenders of the Radical Left Media are going out of business! At the conclusion of the G20, South Africa refused to hand off the G20 Presidency to a Senior Representative from our U.S. Embassy, who attended the Closing Ceremony. Therefore, at my direction, South Africa will NOT be receiving an invitation to the 2026 G20, which will be hosted in the Great City of Miami, Florida next year. South Africa has demonstrated to the World they are not a country worthy of Membership anywhere, and we are going to stop all payments and subsidies to them, effective immediately. Thank you for your attention to this matter!","en","Tweet","Donald J. Trump","realDonaldTrump","64339735","38425","76661","8589","528551","24379","2025-11-28 10:10:22","https://x.com/realDonaldTrump/status/1994438728237064270","<a href=""http://twitter.com/download/iphone"" rel=""nofollow"">Twitter for iPhone</a>","","","",""
"1994438342403141889","Democracy is on trial in the coming Elections in the beautiful country of Honduras on November 30th. Will Maduro and his Narcoterrorists take over another country like they have taken over Cuba, Nicaragua, and Venezuela? The man who is standing up for Democracy, and fighting against Maduro, is Tito Asfura, the Presidential Candidate of the National Party. Tito was the highly successful Mayor of Tegucigalpa where he brought running water to millions, and paved hundreds of kilometers of roads. His chief opponent is Rixi Moncada, who says Fidel Castro is her idol. Normally, the smart people of Honduras, would reject her, and elect Tito Asfura, but the Communists are trying to trick the people by running a third Candidate, Salvador Nasralla. Nasralla is no friend of Freedom. A borderline Communist, he helped Xiomara Castro by running as her Vice President. He won, and helped Castro win. Then he resigned, and is now pretending to be an anti-Communist only for the purposes of splitting Asfura’s vote. The people of Honduras must not be tricked again. The only real friend of Freedom in Honduras is Tito Asfura. Tito and I can work together to fight the Narcocommunists, and bring needed aid to the people of Honduras. I cannot work with Moncada and the Communists, and Nasralla is not a reliable partner for Freedom, and cannot be trusted. I hope the people of Honduras vote for Freedom and Democracy, and elect Tito Asfura, President!","en","Tweet","Donald J. Trump","realDonaldTrump","34547558","13667","32366","2098","199755","6662","2025-11-28 10:08:50","https://x.com/realDonaldTrump/status/1994438342403141889","<a href=""http://twitter.com/download/iphone"" rel=""nofollow"">Twitter for iPhone</a>","","","",""
"1994272683387687053","A very Happy Thanksgiving salutation to all of our Great American Citizens and Patriots who have been so nice in allowing our Country to be divided, disrupted, carved up, murdered, beaten, mugged, and laughed at, along with certain other foolish countries throughout the World, for being “Politically Correct,” and just plain STUPID, when it comes to Immigration. The official United States Foreign population stands at 53 million people (Census), most of which are on welfare, from failed nations, or from prisons, mental institutions, gangs, or drug cartels. They and their children are supported through massive payments from Patriotic American Citizens who, because of their beautiful hearts, do not want to openly complain or cause trouble in any way, shape, or form. They put up with what has happened to our Country, but it’s eating them alive to do so! A migrant earning $30,000 with a green card will get roughly $50,000 in yearly benefits for their family. The real migrant population is much higher. This refugee burden is the leading cause of social dysfunction in America, something that did not exist after World War II (Failed schools, high crime, urban decay, overcrowded hospitals, housing shortages, and large deficits, etc.). As an example, hundreds of thousands of refugees from Somalia are completely taking over the once great State of Minnesota. Somalian gangs are roving the streets looking for “prey” as our wonderful people stay locked in their apartments and houses hoping against hope that they will be left alone. The seriously retarded Governor of Minnesota, Tim Walz, does nothing, either through fear, incompetence, or both, while the worst “Congressman/woman” in our Country, Ilhan Omar, always wrapped in her swaddling hijab, and who probably came into the U.S.A. illegally in that you are not allowed to marry your brother, does nothing but hatefully complain about our Country, its Constitution, and how “badly” she is treated, when her place of origin is a decadent, backward, and crime ridden nation, which is essentially not even a country for lack of Government, Military, Police, schools, etc. Even as we have progressed technologically, Immigration Policy has eroded those gains and living conditions for many. I will permanently pause migration from all Third World Countries to allow the U.S. system to fully recover, terminate all of the millions of Biden illegal admissions, including those signed by Sleepy Joe Biden’s Autopen, and remove anyone who is not a net asset to the United States, or is incapable of loving our Country, end all Federal benefits and subsidies to noncitizens of our Country, denaturalize migrants who undermine domestic tranquility, and deport any Foreign National who is a public charge, security risk, or non-compatible with Western Civilization. These goals will be pursued with the aim of achieving a major reduction in illegal and disruptive populations, including those admitted through an unauthorized and illegal Autopen approval process. Only REVERSE MIGRATION can fully cure this situation. Other than that, HAPPY THANKSGIVING TO ALL, except those that hate, steal, murder, and destroy everything that America stands for — You won’t be here for long!","en","Tweet","Donald J. Trump","realDonaldTrump","83039272","42137","82323","13279","551600","46059","2025-11-27 23:10:34","https://x.com/realDonaldTrump/status/1994272683387687053","<a href=""http://twitter.com/download/iphone"" rel=""nofollow"">Twitter for iPhone</a>","","","",""
"1993801758326616561","https://t.co/oQK0HLgf88","zxx","Tweet","Donald J. Trump","realDonaldTrump","49611966","24150","52693","2321","434481","9400","2025-11-26 15:59:16","https://x.com/realDonaldTrump/status/1993801758326616561","<a href=""http://twitter.com/download/iphone"" rel=""nofollow"">Twitter for iPhone</a>","","","photo","https://pbs.twimg.com/media/G6toIexXAAAuXuy.jpg"
"1993469230528790869","I am asking all America First Patriots in Tennessee’s 7th Congressional District, who haven’t voted yet, to please GET OUT AND VOTE for MAGA Warrior Matt Van Epps, tomorrow, November 26th, the last day to vote early in person. You can win this Election for Matt! PLEASE VOTE FOR MATT VAN EPPS, who has my Complete and Total Endorsement. Polls close at 12 P.M. NOON in most of TN-07, and every vote counts. IF YOU ARE IN LINE BY 12 P.M., STAY IN LINE, AND THEY MUST LET YOU VOTE! TN-07: Early Voting ends November 26th, and Election Day is December 2nd. GET OUT AND VOTE FOR MATT VAN EPPS — HE WILL NEVER LET YOU DOWN!
 
Find your Early Voting location at: https://t.co/saCiO9NLKx","en","Tweet","Donald J. Trump","realDonaldTrump","23063448","16628","38559","1426","169440","4140","2025-11-25 17:57:56","https://x.com/realDonaldTrump/status/1993469230528790869","<a href=""http://twitter.com/download/iphone"" rel=""nofollow"">Twitter for iPhone</a>","","","",""
"1978148814776046046","Don’t forget to get a copy of my son Eric’s book, “UNDER SIEGE,” which is breaking records everywhere. It’s a phenomenal book, that’s a must read for everyone—Congratulations Eric, you deserve it!!! https://t.co/na0jBJ1nxp https://t.co/jUtJ6xrP5P","en","Tweet","Donald J. Trump","realDonaldTrump","43418708","77446","52138","5410","386257","10004","2025-10-14 12:20:04","https://x.com/realDonaldTrump/status/1978148814776046046","<a href=""http://twitter.com/download/iphone"" rel=""nofollow"">Twitter for iPhone</a>","","https://a.co/d/7oPyLF5","photo","https://pbs.twimg.com/media/G3PL3OzXoAEjS8T.jpg"
"1977928905169269143","https://t.co/08KV4EtQDZ","zxx","Tweet","Donald J. Trump","realDonaldTrump","29483651","51009","56179","2719","391564","17607","2025-10-13 21:46:13","https://x.com/realDonaldTrump/status/1977928905169269143","<a href=""http://twitter.com/download/iphone"" rel=""nofollow"">Twitter for iPhone</a>","","","video","https://video.twimg.com/amplify_video/1977907122160451584/vid/avc1/1280x562/nXu4nZNTy51k1Ybq.mp4?tag=21"
"1977233745997381756","I am pleased to announce that the great Dan Scavino, in addition to remaining Deputy Chief of Staff of the Trump Administration, will head the White House Presidential Personnel Office, replacing Sergio Gor, who did a wonderful job in that position, and will now become the Ambassador to India. Dan will be responsible for the selection and appointment of almost all positions in government, a very big and important position. Congratulations Dan, you will do a fantastic job!!! President DJT","en","Tweet","Donald J. Trump","realDonaldTrump","48676017","20187","40864","2026","334281","8627","2025-10-11 23:43:54","https://x.com/realDonaldTrump/status/1977233745997381756","<a href=""http://twitter.com/download/iphone"" rel=""nofollow"">Twitter for iPhone</a>","","","",""
"1973954507001507920","https://t.co/BlX7O7Idjj","zxx","Tweet","Donald J. Trump","realDonaldTrump","32984959","22384","55288","4449","319515","26615","2025-10-02 22:33:23","https://x.com/realDonaldTrump/status/1973954507001507920","<a href=""http://twitter.com/download/iphone"" rel=""nofollow"">Twitter for iPhone</a>","","","video","https://video.twimg.com/amplify_video/1973954438642421760/vid/avc1/720x1280/XNbxlt2mNH4KkSb0.mp4?tag=21"
"1973953812517040164","https://t.co/na2ivYVFoT","zxx","Tweet","Donald J. Trump","realDonaldTrump","75841565","46612","52164","5052","486426","20972","2025-10-02 22:30:37","https://x.com/realDonaldTrump/status/1973953812517040164","<a href=""http://twitter.com/download/iphone"" rel=""nofollow"">Twitter for iPhone</a>","","","video","https://video.twimg.com/amplify_video/1973953761417547776/vid/avc1/694x560/IPsb2cZfj20-B2w9.mp4?tag=21"
"1973221986429222933","It was great being with King Charles, Queen Camilla, and the Royal Family! https://t.co/XFxJAH7aF2","en","Tweet","Donald J. Trump","realDonaldTrump","43778230","19307","31743","1911","415638","10462","2025-09-30 22:02:36","https://x.com/realDonaldTrump/status/1973221986429222933","<a href=""http://twitter.com/download/iphone"" rel=""nofollow"">Twitter for iPhone</a>","","","photo","https://pbs.twimg.com/media/G2JK8DdXMAEUKDp.jpg
https://pbs.twimg.com/media/G2JK8DmWAAAIy8e.jpg
https://pbs.twimg.com/media/G2JK8DdXwAE5adc.jpg
https://pbs.twimg.com/media/G2JK8DrXgAAtbsi.jpg"
"1973221796427211262","Yes, I’m watching. Congratulations! https://t.co/3iN3YnTUnn","en","Tweet","Donald J. Trump","realDonaldTrump","33411462","14721","31699","1113","497295","10758","2025-09-30 22:01:51","https://x.com/realDonaldTrump/status/1973221796427211262","<a href=""http://twitter.com/download/iphone"" rel=""nofollow"">Twitter for iPhone</a>","","","video","https://video.twimg.com/amplify_video/1973221716621991936/vid/avc1/2160x3840/gi0IZvwpPSk1F9cq.mp4?tag=21"
"1973221572585595221","https://t.co/NNNumraCkN","zxx","Tweet","Donald J. Trump","realDonaldTrump","64292599","13317","37942","2466","450463","15509","2025-09-30 22:00:58","https://x.com/realDonaldTrump/status/1973221572585595221","<a href=""http://twitter.com/download/iphone"" rel=""nofollow"">Twitter for iPhone</a>","","","photo","https://pbs.twimg.com/media/G2JKkCOWoAAJCh0.jpg"
"1973218687831384293","https://t.co/AdZzv7LJLt","zxx","Tweet","Donald J. Trump","realDonaldTrump","31827862","11357","29155","1716","268412","6625","2025-09-30 21:49:30","https://x.com/realDonaldTrump/status/1973218687831384293","<a href=""http://twitter.com/download/iphone"" rel=""nofollow"">Twitter for iPhone</a>","","","photo","https://pbs.twimg.com/media/G2JH8HVXsAA1wyz.jpg"
"1973218518893207825","https://t.co/2yyuRkm9r8","zxx","Tweet","Donald J. Trump","realDonaldTrump","29156978","21393","47288","5400","273670","17626","2025-09-30 21:48:50","https://x.com/realDonaldTrump/status/1973218518893207825","<a href=""http://twitter.com/download/iphone"" rel=""nofollow"">Twitter for iPhone</a>","","","video","https://video.twimg.com/amplify_video/1973218461577867264/vid/avc1/1080x768/PAEQ4xgmc3nKyQ7j.mp4?tag=21"
"1973218327330955749","What a great couple—Congratulations! President DJT","en","Tweet","Donald J. Trump","realDonaldTrump","60842064","7485","21373","634","281665","9608","2025-09-30 21:48:04","https://x.com/realDonaldTrump/status/1973218327330955749","<a href=""http://twitter.com/download/iphone"" rel=""nofollow"">Twitter for iPhone</a>","","","",""
"1971001852591550845","She said YES❤️‍🔥💍🙏🇺🇸 https://t.co/BMrWvZbvpN","en","Quoted","Dan Scavino Jr.🇺🇸🦅","DanScavino","66262388","11822","11775","1427","104664","3494","2025-09-24 19:00:35","https://x.com/DanScavino/status/1971001852591550845","<a href=""http://twitter.com/download/iphone"" rel=""nofollow"">Twitter for iPhone</a>","","","video","https://video.twimg.com/amplify_video/1971001673515458560/vid/avc1/3840x2026/KXD8XmhJjogOsdRb.mp4?tag=21"
"1972822596397003159","https://t.co/JzQYLShOCt","zxx","Tweet","Donald J. Trump","realDonaldTrump","41119959","37386","81306","10687","461749","34892","2025-09-29 19:35:34","https://x.com/realDonaldTrump/status/1972822596397003159","<a href=""http://twitter.com/download/iphone"" rel=""nofollow"">Twitter for iPhone</a>","","","video","https://video.twimg.com/amplify_video/1972822529581445121/vid/avc1/1080x764/8Db9OP7jpE2RnEBN.mp4?tag=21"
"1968134929080082432","https://t.co/gZgTprtUvt","zxx","Tweet","Donald J. Trump","realDonaldTrump","42951553","31753","45485","7714","319563","29757","2025-09-16 21:08:27","https://x.com/realDonaldTrump/status/1968134929080082432","<a href=""http://twitter.com/download/iphone"" rel=""nofollow"">Twitter for iPhone</a>","","","video","https://video.twimg.com/amplify_video/1968134864672092160/vid/avc1/1280x720/zVc9n_fVXJt6Pvwn.mp4?tag=21"
"1967654825308590378","MY son Eric’s just out book, “UNDER SIEGE,” immediately went to NUMBER ONE on Amazon. Great going Eric, you deserve it!!! https://t.co/na0jBJ1VmX https://t.co/LBnGcsLMWH","en","Tweet","Donald J. Trump","realDonaldTrump","32616608","32586","49758","2397","342090","9038","2025-09-15 13:20:42","https://x.com/realDonaldTrump/status/1967654825308590378","<a href=""http://twitter.com/download/iphone"" rel=""nofollow"">Twitter for iPhone</a>","","https://a.co/d/7oPyLF5","photo","https://pbs.twimg.com/media/G06DoOyWAAAo777.jpg"
"1966125485894648215","https://t.co/HGH3yQKdO7","zxx","Tweet","Donald J. Trump","realDonaldTrump","27258804","13550","21966","574","164282","5008","2025-09-11 08:03:39","https://x.com/realDonaldTrump/status/1966125485894648215","<a href=""http://twitter.com/download/iphone"" rel=""nofollow"">Twitter for iPhone</a>","","https://x.com/i/broadcasts/1nAKEENWjyeKL","",""
"1965947311718269341","TO MY GREAT FELLOW AMERICANS… https://t.co/oRsrE5TTHr","en","Tweet","Donald J. Trump","realDonaldTrump","157279991","64965","191496","21074","1310890","107692","2025-09-10 20:15:39","https://x.com/realDonaldTrump/status/1965947311718269341","<a href=""http://twitter.com/download/iphone"" rel=""nofollow"">Twitter for iPhone</a>","","","video","https://video.twimg.com/amplify_video/1965947142658232320/vid/avc1/1920x1012/Hv7rMAU22bOdXIjP.mp4?tag=21"
"1963790032939933822","https://t.co/uCKSkNF0D3","zxx","Tweet","Donald J. Trump","realDonaldTrump","57274591","47349","48036","7862","442131","17611","2025-09-04 21:23:23","https://x.com/realDonaldTrump/status/1963790032939933822","<a href=""http://twitter.com/download/iphone"" rel=""nofollow"">Twitter for iPhone</a>","","","video","https://video.twimg.com/amplify_video/1963789940547817472/vid/avc1/1280x720/IP7UqAvgnCzRERNl.mp4?tag=21"
"1963788861743530185","https://t.co/KBZz0iosQX","zxx","Tweet","Donald J. Trump","realDonaldTrump","45298148","20800","28172","3772","229345","9766","2025-09-04 21:18:44","https://x.com/realDonaldTrump/status/1963788861743530185","<a href=""http://twitter.com/download/iphone"" rel=""nofollow"">Twitter for iPhone</a>","","","video","https://video.twimg.com/amplify_video/1963788705132367872/vid/avc1/846x746/_xzGvch67ezrA3Ex.mp4?tag=21"
"1963609005844017347","https://t.co/jauBk37XWF","zxx","Tweet","Donald J. Trump","realDonaldTrump","41118122","18293","48641","5888","412140","22229","2025-09-04 09:24:03","https://x.com/realDonaldTrump/status/1963609005844017347","<a href=""http://twitter.com/download/iphone"" rel=""nofollow"">Twitter for iPhone</a>","","","video","https://video.twimg.com/amplify_video/1963608937934082048/vid/avc1/1280x732/fx7-CW_01wGo2sVw.mp4?tag=21"
"1963586403943481687","https://t.co/tIFFgTibCa","zxx","Tweet","Donald J. Trump","realDonaldTrump","36659869","11898","24282","1935","180542","6633","2025-09-04 07:54:15","https://x.com/realDonaldTrump/status/1963586403943481687","<a href=""http://twitter.com/download/iphone"" rel=""nofollow"">Twitter for iPhone</a>","","","video","https://video.twimg.com/amplify_video/1963586350826856448/vid/avc1/1010x720/KzYOfegP9lzmDRK1.mp4?tag=21"
"1963585926354923597","https://t.co/IVIHaB3DYr","zxx","Tweet","Donald J. Trump","realDonaldTrump","69951988","21898","35623","5157","273996","15363","2025-09-04 07:52:21","https://x.com/realDonaldTrump/status/1963585926354923597","<a href=""http://twitter.com/download/iphone"" rel=""nofollow"">Twitter for iPhone</a>","","","video","https://video.twimg.com/amplify_video/1963585874530033664/vid/avc1/1080x582/QecaqFGwyRZU7OP_.mp4?tag=21"
"1950379902789964153","Due to a massive earthquake that occurred in the Pacific Ocean, a Tsunami Warning is in effect for those living in Hawaii. A Tsunami Watch is in effect for Alaska and the Pacific Coast of the United States. Japan is also in the way. Please visit https://t.co/V5RZFDxYzl for the latest information. STAY STRONG AND STAY SAFE!","en","Tweet","Donald J. Trump","realDonaldTrump","81073974","62700","63763","4498","455558","17917","2025-07-29 21:16:19","https://x.com/realDonaldTrump/status/1950379902789964153","<a href=""http://twitter.com/download/iphone"" rel=""nofollow"">Twitter for iPhone</a>","","https://tsunami.gov/","",""
"1947365170784669754","https://t.co/W4F1joXP8E","zxx","Tweet","Donald J. Trump","realDonaldTrump","46223490","59387","45834","3304","257357","14861","2025-07-21 13:36:51","https://x.com/realDonaldTrump/status/1947365170784669754","<a href=""http://twitter.com/download/iphone"" rel=""nofollow"">Twitter for iPhone</a>","","","video","https://video.twimg.com/amplify_video/1947365070855368704/vid/avc1/964x682/e8Ja9heksIYKgV76.mp4?tag=21"
"1945851150948876456","https://t.co/iDGcFKBR9r","zxx","Tweet","Donald J. Trump","realDonaldTrump","32544636","27364","13602","853","81647","3538","2025-07-17 09:20:41","https://x.com/realDonaldTrump/status/1945851150948876456","<a href=""http://twitter.com/download/iphone"" rel=""nofollow"">Twitter for iPhone</a>","","https://truthsocial.com/@realDonaldTrump/114859213229042831","",""
"1941341699374186746","HAPPY 4TH OF JULY!
🎇🎆🇺🇸🦅https://t.co/54aoHX14mj","en","Tweet","Donald J. Trump","realDonaldTrump","37708113","42151","54707","2617","489881","10776","2025-07-04 22:41:44","https://x.com/realDonaldTrump/status/1941341699374186746","<a href=""http://twitter.com/download/iphone"" rel=""nofollow"">Twitter for iPhone</a>","","","video","https://video.twimg.com/amplify_video/1941337129197445120/vid/avc1/3840x2160/WsXfNzoSjOuZ7txD.mp4?tag=21"
"1941244891578904902","https://t.co/PTPGtD7bjV","zxx","Tweet","Donald J. Trump","realDonaldTrump","38422184","16118","23575","714","141240","4107","2025-07-04 16:17:03","https://x.com/realDonaldTrump/status/1941244891578904902","<a href=""http://twitter.com/download/iphone"" rel=""nofollow"">Twitter for iPhone</a>","","https://x.com/i/broadcasts/1BRJjmBzAEwGw","",""
"1937917613989859810","https://t.co/dQgHNdzAXb","zxx","Tweet","Donald J. Trump","realDonaldTrump","79431381","53658","62841","3848","479594","12043","2025-06-25 11:55:38","https://x.com/realDonaldTrump/status/1937917613989859810","<a href=""http://twitter.com/download/iphone"" rel=""nofollow"">Twitter for iPhone</a>","","","photo","https://pbs.twimg.com/media/GuTdzKoWMAAj13D.jpg"
"1937689416501187006","https://t.co/z5HB3iOgwQ","zxx","Tweet","Donald J. Trump","realDonaldTrump","88761286","49122","65159","4885","538006","15176","2025-06-24 20:48:52","https://x.com/realDonaldTrump/status/1937689416501187006","<a href=""http://twitter.com/download/iphone"" rel=""nofollow"">Twitter for iPhone</a>","","","photo","https://pbs.twimg.com/media/GuQOQYCXEAAsv60.jpg"
"1936612737875956028","https://t.co/2uweRciDEo","zxx","Tweet","Donald J. Trump","realDonaldTrump","183182909","156298","111865","16923","1214570","26683","2025-06-21 21:30:31","https://x.com/realDonaldTrump/status/1936612737875956028","<a href=""http://twitter.com/download/iphone"" rel=""nofollow"">Twitter for iPhone</a>","","","photo","https://pbs.twimg.com/media/GuA7BcwW8AATE-I.jpg"
"1936603680805097741","https://t.co/2OYrMFlw46","zxx","Tweet","Donald J. Trump","realDonaldTrump","87820775","47752","64746","6433","422507","34955","2025-06-21 20:54:32","https://x.com/realDonaldTrump/status/1936603680805097741","<a href=""http://twitter.com/download/iphone"" rel=""nofollow"">Twitter for iPhone</a>","","https://x.com/i/broadcasts/1DXxyqpYydkxM","",""
"1936573183634645387","https://t.co/wu9mMkxtUg","zxx","Tweet","Donald J. Trump","realDonaldTrump","263476145","176221","137934","58178","1257775","63733","2025-06-21 18:53:21","https://x.com/realDonaldTrump/status/1936573183634645387","<a href=""http://twitter.com/download/iphone"" rel=""nofollow"">Twitter for iPhone</a>","","","photo","https://pbs.twimg.com/media/GuAXDBLXAAA2KxP.jpg"
"1935016621569179804","https://t.co/4sy7jjESGk","zxx","Tweet","Donald J. Trump","realDonaldTrump","134930194","84376","61943","11975","598486","16842","2025-06-17 11:48:08","https://x.com/realDonaldTrump/status/1935016621569179804","<a href=""http://twitter.com/download/iphone"" rel=""nofollow"">Twitter for iPhone</a>","","","photo","https://pbs.twimg.com/media/GtqPXO6W8AAoliY.jpg"
"1935016557224050887","https://t.co/VoUY2xVnyK","zxx","Tweet","Donald J. Trump","realDonaldTrump","103644409","65336","58952","10304","516652","21308","2025-06-17 11:47:52","https://x.com/realDonaldTrump/status/1935016557224050887","<a href=""http://twitter.com/download/iphone"" rel=""nofollow"">Twitter for iPhone</a>","","","photo","https://pbs.twimg.com/media/GtqPTaxWMAA9yaB.jpg"
"1935016454644023767","https://t.co/QcySkOWWGN","zxx","Tweet","Donald J. Trump","realDonaldTrump","107162314","54425","51885","7338","566400","20491","2025-06-17 11:47:28","https://x.com/realDonaldTrump/status/1935016454644023767","<a href=""http://twitter.com/download/iphone"" rel=""nofollow"">Twitter for iPhone</a>","","","photo","https://pbs.twimg.com/media/GtqPNeWXcAACtBm.jpg"
"1934008938334228752","https://t.co/8C5WxKK3nc","zxx","Tweet","Donald J. Trump","realDonaldTrump","60214842","36160","50951","2958","313050","14363","2025-06-14 17:03:57","https://x.com/realDonaldTrump/status/1934008938334228752","<a href=""http://twitter.com/download/iphone"" rel=""nofollow"">Twitter for iPhone</a>","","https://x.com/i/broadcasts/1ZkKzYrovPaxv","",""
"1929687626216280184","https://t.co/U8OkJT3IEK","zxx","Tweet","Donald J. Trump","realDonaldTrump","37865883","33595","27593","1216","179890","4303","2025-06-02 18:52:36","https://x.com/realDonaldTrump/status/1929687626216280184","<a href=""http://twitter.com/download/iphone"" rel=""nofollow"">Twitter for iPhone</a>","","","video","https://video.twimg.com/amplify_video/1929205310675099648/vid/avc1/2456x1080/_XFiZiJ97UT4FaFh.mp4?tag=16"
"1929591031139360976","https://t.co/GmmP5VddGr","zxx","Tweet","Donald J. Trump","realDonaldTrump","72742477","40332","56618","2999","411655","10120","2025-06-02 12:28:46","https://x.com/realDonaldTrump/status/1929591031139360976","<a href=""http://twitter.com/download/iphone"" rel=""nofollow"">Twitter for iPhone</a>","","","photo","https://pbs.twimg.com/media/GsdI0M-WIAAFl1r.jpg"
"1928797140408533377","https://t.co/ttc8fsXNVF","zxx","Tweet","Donald J. Trump","realDonaldTrump","37927400","31612","59638","4609","454004","12252","2025-05-31 07:54:08","https://x.com/realDonaldTrump/status/1928797140408533377","<a href=""http://twitter.com/download/iphone"" rel=""nofollow"">Twitter for iPhone</a>","","","video","https://video.twimg.com/amplify_video/1928796983952592896/vid/avc1/964x902/pfVtRRxlMAxiCz2-.mp4?tag=21"
"1927090010353721796","https://t.co/b19JtrkCiS","zxx","Tweet","Donald J. Trump","realDonaldTrump","46999184","23843","43445","1829","324361","7542","2025-05-26 14:50:36","https://x.com/realDonaldTrump/status/1927090010353721796","<a href=""http://twitter.com/download/iphone"" rel=""nofollow"">Twitter for iPhone</a>","","","video","https://video.twimg.com/amplify_video/1927089950253559808/vid/avc1/1350x1080/Dxp39MZlg3znZ7Ir.mp4?tag=21"
"1926281665929691590","https://t.co/ymnea3Wf69","zxx","Tweet","Donald J. Trump","realDonaldTrump","47627782","14060","20871","666","119655","4101","2025-05-24 09:18:32","https://x.com/realDonaldTrump/status/1926281665929691590","<a href=""http://twitter.com/download/iphone"" rel=""nofollow"">Twitter for iPhone</a>","","https://x.com/i/broadcasts/1zqKVjMolLwKB","",""
"1925548216243703820","“THE ONE, BIG, BEAUTIFUL BILL” has PASSED the House of Representatives! This is arguably the most significant piece of Legislation that will ever be signed in the History of our Country! The Bill includes MASSIVE Tax CUTS, No Tax on Tips, No Tax on Overtime, Tax Deductions when you purchase an American Made Vehicle, along with strong Border Security measures, Pay Raises for our ICE and Border Patrol Agents, Funding for the Golden Dome, “TRUMP Savings Accounts” for newborn babies, and much more! Great job by Speaker Mike Johnson, and the House Leadership, and thank you to every Republican who voted YES on this Historic Bill! Now, it’s time for our friends in the United States Senate to get to work, and send this Bill to my desk AS SOON AS POSSIBLE! There is no time to waste. The Democrats have lost control of themselves, and are aimlessly wandering around, showing no confidence, grit, or determination. They have forgotten their landslide loss in the Presidential Election, and are warped in the past, hoping someday to revive Open Borders for the World’s criminals to be able to pour into our Country, men to be able to play in women’s sports, and transgender for everybody. They don’t realize that these things, and so many more like them, will NEVER AGAIN happen!","en","Tweet","Donald J. Trump","realDonaldTrump","63197583","42899","54729","5448","353444","15620","2025-05-22 08:44:04","https://x.com/realDonaldTrump/status/1925548216243703820","<a href=""http://twitter.com/download/iphone"" rel=""nofollow"">Twitter for iPhone</a>","","","",""
"1925201677914603580","https://t.co/ZuagVWL4KS","zxx","Tweet","Donald J. Trump","realDonaldTrump","91426630","45543","66360","8431","550021","18852","2025-05-21 09:47:03","https://x.com/realDonaldTrump/status/1925201677914603580","<a href=""http://twitter.com/download/iphone"" rel=""nofollow"">Twitter for iPhone</a>","","","video","https://video.twimg.com/amplify_video/1925201565087891458/vid/avc1/2160x2120/SccBG6M7hA7VbBD9.mp4?tag=21"
"1924523182909747657","https://t.co/q5CPyHZkLD","zxx","Tweet","Donald J. Trump","realDonaldTrump","66629209","40300","62460","6837","463855","18252","2025-05-19 12:50:57","https://x.com/realDonaldTrump/status/1924523182909747657","<a href=""http://twitter.com/download/iphone"" rel=""nofollow"">Twitter for iPhone</a>","","","photo","https://pbs.twimg.com/media/GrVHoqEW4AA58wT.jpg"
"1923793436068487574","🇦🇪🇺🇸 https://t.co/7fRFm4zCL5","qme","Tweet","Donald J. Trump","realDonaldTrump","42510396","14426","27004","1302","191739","9758","2025-05-17 12:31:12","https://x.com/realDonaldTrump/status/1923793436068487574","<a href=""http://twitter.com/download/iphone"" rel=""nofollow"">Twitter for iPhone</a>","","","video","https://video.twimg.com/amplify_video/1923793369672626176/vid/avc1/1636x720/mJz-zRKSPjgeHInC.mp4?tag=21"
"1923793069138178293","🇶🇦🇺🇸 https://t.co/v1NwTQPWLO","qme","Tweet","Donald J. Trump","realDonaldTrump","58260833","15639","44009","1921","322485","13501","2025-05-17 12:29:44","https://x.com/realDonaldTrump/status/1923793069138178293","<a href=""http://twitter.com/download/iphone"" rel=""nofollow"">Twitter for iPhone</a>","","","video","https://video.twimg.com/amplify_video/1923793010384416769/vid/avc1/1364x720/ntmxuwG5u5VPg2OS.mp4?tag=21"
"1923792625028497464","🇸🇦🇺🇸 https://t.co/i5cRnVmaFv","qme","Tweet","Donald J. Trump","realDonaldTrump","53276782","12981","47094","1975","327754","19002","2025-05-17 12:27:58","https://x.com/realDonaldTrump/status/1923792625028497464","<a href=""http://twitter.com/download/iphone"" rel=""nofollow"">Twitter for iPhone</a>","","","video","https://video.twimg.com/amplify_video/1923792565490286592/vid/avc1/1364x720/VhTfRDMg-BjJuv3x.mp4?tag=21"
"1923432648103333919","THE SUPREME COURT IS BEING PLAYED BY THE RADICAL LEFT LOSERS, WHO HAVE NO SUPPORT, THE PUBLIC HATES THEM, AND THEIR ONLY HOPE IS THE INTIMIDATION OF THE COURT, ITSELF. WE CAN’T LET THAT HAPPEN TO OUR COUNTRY!","en","Tweet","Donald J. Trump","realDonaldTrump","55164987","33379","50081","4839","320114","7018","2025-05-16 12:37:33","https://x.com/realDonaldTrump/status/1923432648103333919","<a href=""http://twitter.com/download/iphone"" rel=""nofollow"">Twitter for iPhone</a>","","","",""
"1923427418913616200","Republicans MUST UNITE behind, “THE ONE, BIG BEAUTIFUL BILL!” Not only does it cut Taxes for ALL Americans, but it will kick millions of Illegal Aliens off of Medicaid to PROTECT it for those who are the ones in real need. The Country will suffer greatly without this Legislation, with their Taxes going up 65%. It will be blamed on the Democrats, but that doesn’t help our Voters. We don’t need “GRANDSTANDERS” in the Republican Party. STOP TALKING, AND GET IT DONE! It is time to fix the MESS that Biden and the Democrats gave us. Thank you for your attention to this matter!","en","Tweet","Donald J. Trump","realDonaldTrump","39457411","19624","41077","2487","235125","4804","2025-05-16 12:16:46","https://x.com/realDonaldTrump/status/1923427418913616200","<a href=""http://twitter.com/download/iphone"" rel=""nofollow"">Twitter for iPhone</a>","","","",""
"1922347924987474196","https://t.co/DskIpIscnd","zxx","Tweet","Donald J. Trump","realDonaldTrump","35899331","15836","27883","1184","143420","6479","2025-05-13 12:47:15","https://x.com/realDonaldTrump/status/1922347924987474196","<a href=""http://twitter.com/download/iphone"" rel=""nofollow"">Twitter for iPhone</a>","","https://x.com/i/broadcasts/1OdKrDyQPLyJX","",""
"1921911904429088892","https://t.co/9uLRtPVKpp","zxx","Tweet","Donald J. Trump","realDonaldTrump","71769946","28057","52799","4527","446536","10248","2025-05-12 07:54:40","https://x.com/realDonaldTrump/status/1921911904429088892","<a href=""http://twitter.com/download/iphone"" rel=""nofollow"">Twitter for iPhone</a>","","","photo","https://pbs.twimg.com/media/GqwAsLDWsAAe7pQ.jpg"
"1921911844026954234","https://t.co/1Y5vg9zbEx","zxx","Tweet","Donald J. Trump","realDonaldTrump","54869644","27085","38543","2895","277798","6163","2025-05-12 07:54:25","https://x.com/realDonaldTrump/status/1921911844026954234","<a href=""http://twitter.com/download/iphone"" rel=""nofollow"">Twitter for iPhone</a>","","","photo","https://pbs.twimg.com/media/GqwAosfXkAAd0nE.jpg"
"1921699954696855934","https://t.co/ifaRjPPHvv","zxx","Tweet","Donald J. Trump","realDonaldTrump","51271195","17169","42738","2084","349588","6158","2025-05-11 17:52:27","https://x.com/realDonaldTrump/status/1921699954696855934","<a href=""http://twitter.com/download/iphone"" rel=""nofollow"">Twitter for iPhone</a>","","","photo","https://pbs.twimg.com/media/Gqs_7DzXgAAcSHG.jpg"
"1921174163848401313","https://t.co/lRPhZpugBV","zxx","Tweet","Donald J. Trump","realDonaldTrump","135938778","122143","119216","35802","994647","25187","2025-05-10 07:03:09","https://x.com/realDonaldTrump/status/1921174163848401313","<a href=""http://twitter.com/download/iphone"" rel=""nofollow"">Twitter for iPhone</a>","","","photo","https://pbs.twimg.com/media/GqlhuBbWQAE3nQ-.jpg"
"1921008311492624867","Today, I signed an Executive Order to launch the first-ever self-deportation program. Illegal aliens who stay in America face punishments, including—sudden deportation, in a place and manner solely of our discretion. TO ALL ILLEGAL ALIENS: BOOK YOUR FREE FLIGHT RIGHT NOW! https://t.co/LO4eyfhZOq","en","Tweet","Donald J. Trump","realDonaldTrump","74866051","31006","72117","7691","474911","24832","2025-05-09 20:04:06","https://x.com/realDonaldTrump/status/1921008311492624867","<a href=""http://twitter.com/download/iphone"" rel=""nofollow"">Twitter for iPhone</a>","","","video","https://video.twimg.com/amplify_video/1921008177753030657/vid/avc1/1280x676/WDMN_sl5HHoZDeuE.mp4?tag=21"
"1920670100987740317","🇺🇸🇬🇧 https://t.co/rGKLly0JtS","qme","Tweet","Donald J. Trump","realDonaldTrump","51974389","13815","33250","1253","284271","9258","2025-05-08 21:40:11","https://x.com/realDonaldTrump/status/1920670100987740317","<a href=""http://twitter.com/download/iphone"" rel=""nofollow"">Twitter for iPhone</a>","","","video","https://video.twimg.com/amplify_video/1920670040162009088/vid/avc1/1280x720/7Qm7tWN49QKNe4cP.mp4?tag=21"
"1920519130941170088","https://t.co/0sUAawNN8S","zxx","Tweet","Donald J. Trump","realDonaldTrump","33703015","8759","17707","644","95637","3466","2025-05-08 11:40:16","https://x.com/realDonaldTrump/status/1920519130941170088","<a href=""http://twitter.com/download/iphone"" rel=""nofollow"">Twitter for iPhone</a>","","https://x.com/i/broadcasts/1djGXVvXgOjxZ","",""
"1919944872020127980","https://t.co/44glnqT0VM","zxx","Tweet","Donald J. Trump","realDonaldTrump","40751025","17520","28065","1050","210181","5168","2025-05-06 21:38:22","https://x.com/realDonaldTrump/status/1919944872020127980","<a href=""http://twitter.com/download/iphone"" rel=""nofollow"">Twitter for iPhone</a>","","","video","https://video.twimg.com/amplify_video/1919944814201593856/vid/avc1/1364x720/G6ZCzkIyE11lytiJ.mp4?tag=21"
"1919447302982299811","https://t.co/JgZKhj4K1Z","zxx","Tweet","Donald J. Trump","realDonaldTrump","22643703","7996","11833","319","60638","1418","2025-05-05 12:41:13","https://x.com/realDonaldTrump/status/1919447302982299811","<a href=""http://twitter.com/download/iphone"" rel=""nofollow"">Twitter for iPhone</a>","","https://x.com/i/broadcasts/1kvJpydAjXwxE","",""
"1919420490663288913","This was so wonderful, 9 years ago today!","en","Tweet","Donald J. Trump","realDonaldTrump","71969119","17259","29743","2340","361125","10552","2025-05-05 10:54:40","https://x.com/realDonaldTrump/status/1919420490663288913","<a href=""http://twitter.com/download/iphone"" rel=""nofollow"">Twitter for iPhone</a>","","","",""
"728297587418247168","Happy #CincoDeMayo! The best taco bowls are made in Trump Tower Grill. I love Hispanics! https://t.co/ufoTeQd8yA https://t.co/k01Mc6CuDI","en","Quoted","Donald J. Trump","realDonaldTrump","","21846","85862","13466","160644","4634","2016-05-05 13:57:30","https://x.com/realDonaldTrump/status/728297587418247168","<a href=""http://twitter.com/download/iphone"" rel=""nofollow"">Twitter for iPhone</a>","#CincoDeMayo","https://www.facebook.com/DonaldTrump/posts/10157008375200725:0","photo","https://pbs.twimg.com/media/ChtuyP0VEAQZlY1.jpg"
"1919398681423299068","https://t.co/EejkjieL01","zxx","Tweet","Donald J. Trump","realDonaldTrump","34013781","6242","24611","847","151147","4400","2025-05-05 09:28:01","https://x.com/realDonaldTrump/status/1919398681423299068","<a href=""http://twitter.com/download/iphone"" rel=""nofollow"">Twitter for iPhone</a>","","","video","https://video.twimg.com/amplify_video/1919398597226885120/vid/avc1/1280x720/XikH4dLLHpFKh2nN.mp4?tag=16"
"1919397513032790522","https://t.co/dZONBuFjpB","zxx","Tweet","Donald J. Trump","realDonaldTrump","22971947","4972","21427","704","126309","3198","2025-05-05 09:23:22","https://x.com/realDonaldTrump/status/1919397513032790522","<a href=""http://twitter.com/download/iphone"" rel=""nofollow"">Twitter for iPhone</a>","","","video","https://video.twimg.com/amplify_video/1919397415435501569/vid/avc1/1280x720/kgMrLcrftKZ_YJhS.mp4?tag=16"
"1919396921593958754","The Democrats are really out of control. They have lost everything, especially their minds! These Radical Left Lunatics are into the “Impeachment thing” again. They have already got two “No Name,” little respected Congressmen, total Whackjobs both, throwing the “Impeachment” of DONALD J. TRUMP around, for about the 20th time, even though they have no idea for what I would be Impeached. Maybe it should be for cleaning up the MESS that they left us on the Border, or the Highest Inflation in our Country’s History or, perhaps, it should be the incompetent Withdrawal from Afghanistan, or Russia, Russia, Russia/Ukraine, Ukraine, Ukraine, or the Attack of Israel on October 7th that only proceeded because they allowed Iran to regain Great Wealth. These Congressmen stated that, they didn’t know why they would Impeach me but, “We just want to do it.” The Republicans should start to think about expelling them from Congress for all of the crimes that they have committed, especially around Election time(s). These are very dishonest people that won’t let our Country heal! Why do we allow them to continuously use Impeachment as a weapon against the President of the United States who, by all accounts, is working hard to SAVE OUR COUNTRY. It’s the same playbook that they used in my First Term, and Republicans are not going to allow them to get away with it again. These are total LOWLIFES, who hate our Country, and everything it stands for. Perhaps we should start playing this game on them, and expel Democrats for the many crimes that they have committed — And these are REAL crimes. Remember, “Shifty” Adam Schiff demanded a Pardon, and they had to use the power of the Auto Pen, and a Full Pardon, for him and the Unselect Committee of Political Thugs, to save them from Expulsion, and probably worse!","en","Tweet","Donald J. Trump","realDonaldTrump","37571682","18208","35027","2583","208270","6752","2025-05-05 09:21:01","https://x.com/realDonaldTrump/status/1919396921593958754","<a href=""http://twitter.com/download/iphone"" rel=""nofollow"">Twitter for iPhone</a>","","","",""
"1919395973802897676","REBUILD, AND OPEN ALCATRAZ! For too long, America has been plagued by vicious, violent, and repeat Criminal Offenders, the dregs of society, who will never contribute anything other than Misery and Suffering. When we were a more serious Nation, in times past, we did not hesitate to lock up the most dangerous criminals, and keep them far away from anyone they could harm. That’s the way it’s supposed to be. No longer will we tolerate these Serial Offenders who spread filth, bloodshed, and mayhem on our streets. That is why, today, I am directing the Bureau of Prisons, together with the Department of Justice, FBI, and Homeland Security, to reopen a substantially enlarged and rebuilt ALCATRAZ, to house America’s most ruthless and violent Offenders. We will no longer be held hostage to criminals, thugs, and Judges that are afraid to do their job and allow us to remove criminals, who came into our Country illegally. The reopening of ALCATRAZ will serve as a symbol of Law, Order, and JUSTICE. We will, MAKE AMERICA GREAT AGAIN!","en","Tweet","Donald J. Trump","realDonaldTrump","35473085","24185","39166","5228","246949","8151","2025-05-05 09:17:15","https://x.com/realDonaldTrump/status/1919395973802897676","<a href=""http://twitter.com/download/iphone"" rel=""nofollow"">Twitter for iPhone</a>","","","photo","https://pbs.twimg.com/media/GqMQdw5XIAAHyJq.jpg"
"1919395751030923738","https://t.co/omDhYkn2PN","zxx","Tweet","Donald J. Trump","realDonaldTrump","40797270","17259","26467","2171","230252","4542","2025-05-05 09:16:22","https://x.com/realDonaldTrump/status/1919395751030923738","<a href=""http://twitter.com/download/iphone"" rel=""nofollow"">Twitter for iPhone</a>","","","photo","https://pbs.twimg.com/media/GqMQQwmX0AAAg4H.jpg"
"1918125229420732456","https://t.co/IDaLzWW3H5","zxx","Tweet","Donald J. Trump","realDonaldTrump","24470606","15725","31397","1545","171169","7023","2025-05-01 21:07:46","https://x.com/realDonaldTrump/status/1918125229420732456","<a href=""http://twitter.com/download/iphone"" rel=""nofollow"">Twitter for iPhone</a>","","","video","https://video.twimg.com/amplify_video/1918083329900896257/vid/avc1/1920x1080/LfxHMoQZV6zuYB_i.mp4?tag=16"
"1918125161058058627","https://t.co/30CHzvOXUY","zxx","Tweet","Donald J. Trump","realDonaldTrump","27783620","9638","38120","1315","171836","5095","2025-05-01 21:07:30","https://x.com/realDonaldTrump/status/1918125161058058627","<a href=""http://twitter.com/download/iphone"" rel=""nofollow"">Twitter for iPhone</a>","","","video","https://video.twimg.com/amplify_video/1918032363168100352/vid/avc1/1920x1080/gL5eF9o6Pq7PRj88.mp4?tag=16"
"1916861996021989540","Join me tomorrow, April 29th—in Warren, Michigan at 6:00PM Eastern! https://t.co/TptdFccVat","en","Tweet","Donald J. Trump","realDonaldTrump","35858757","18378","20353","1111","108774","1771","2025-04-28 09:28:08","https://x.com/realDonaldTrump/status/1916861996021989540","<a href=""http://twitter.com/download/iphone"" rel=""nofollow"">Twitter for iPhone</a>","","https://events.gop.com/events/president-donald-j-trump-to-hold-a-rally-in-warren-michigan","",""
"1913359413215142354","Sleepy Joe Biden, THE WORST PRESIDENT IN THE HISTORY OF THE UNITED STATES, has allowed millions and millions of Criminals, many of them murderers, drug dealers, and people released from prisons and mental institutions from all around the world, to enter our Country through it’s very dangerous and ill conceived Open Border. Sorry, but it’s my job to get these killers and thugs out of here. THAT’S WHAT I GOT ELECTED TO DO. MAGA!","en","Tweet","Donald J. Trump","realDonaldTrump","77001080","58117","53604","5328","376138","10765","2025-04-18 17:30:07","https://x.com/realDonaldTrump/status/1913359413215142354","<a href=""http://twitter.com/download/iphone"" rel=""nofollow"">Twitter for iPhone</a>","","","",""
"1913359035132158083","Following my Day One Executive Order, the Office of Personnel Management will be issuing new Civil Service Regulations for career government employees. Moving forward, career government employees, working on policy matters, will be classified as “Schedule Policy/Career,” and will be held to the highest standards of conduct and performance. If these government workers refuse to advance the policy interests of the President, or are engaging in corrupt behavior, they should no longer have a job. This is common sense, and will allow the federal government to finally be “run like a business.” We must root out corruption and implement accountability in our Federal Workforce!","en","Tweet","Donald J. Trump","realDonaldTrump","49813703","17231","33033","2381","196260","5360","2025-04-18 17:28:37","https://x.com/realDonaldTrump/status/1913359035132158083","<a href=""http://twitter.com/download/iphone"" rel=""nofollow"">Twitter for iPhone</a>","","","",""
"1913358867708493982","This is the hand of the man that the Democrats feel should be brought back to the United States, because he is such “a fine and innocent person.” They said he is not a member of MS-13, even though he’s got MS-13 tattooed onto his knuckles, and two Highly Respected Courts found that he was a member of MS-13, beat up his wife, etc. I was elected to take bad people out of the United States, among other things. I must be allowed to do my job. MAKE AMERICA GREAT AGAIN!","en","Tweet","Donald J. Trump","realDonaldTrump","81141813","40097","77522","6356","475384","17550","2025-04-18 17:27:57","https://x.com/realDonaldTrump/status/1913358867708493982","<a href=""http://twitter.com/download/iphone"" rel=""nofollow"">Twitter for iPhone</a>","","","photo","https://pbs.twimg.com/media/Go2dv7oXAAAybJT.jpg"
"1912502477359894605","https://t.co/Y6OFeGKS4l","zxx","Tweet","Donald J. Trump","realDonaldTrump","41886298","18814","22077","1883","147117","10198","2025-04-16 08:44:57","https://x.com/realDonaldTrump/status/1912502477359894605","<a href=""http://twitter.com/download/iphone"" rel=""nofollow"">Twitter for iPhone</a>","","","video","https://video.twimg.com/amplify_video/1912502420581584896/vid/avc1/632x360/gVAYXy9zrR8nxw0F.mp4?tag=16"
"1909258878035828788","The United States has a chance to do something that should have been done DECADES AGO. Don’t be Weak! Don’t be Stupid! Don’t be a PANICAN (A new party based on Weak and Stupid people!). Be Strong, Courageous, and Patient, and GREATNESS will be the result!","en","Tweet","Donald J. Trump","realDonaldTrump","94854164","66456","69081","10270","487106","15346","2025-04-07 09:56:03","https://x.com/realDonaldTrump/status/1909258878035828788","<a href=""http://twitter.com/download/iphone"" rel=""nofollow"">Twitter for iPhone</a>","","","",""
"1909258777380974625","Oil prices are down, interest rates are down (the slow moving Fed should cut rates!), food prices are down, there is NO INFLATION, and the long time abused USA is bringing in Billions of Dollars a week from the abusing countries on Tariffs that are already in place. This is despite the fact that the biggest abuser of them all, China, whose markets are crashing, just raised its Tariffs by 34%, on top of its long term ridiculously high Tariffs (Plus!), not acknowledging my warning for abusing countries not to retaliate. They’ve made enough, for decades, taking advantage of the Good OL’ USA! Our past “leaders” are to blame for allowing this, and so much else, to happen to our Country. MAKE AMERICA GREAT AGAIN!","en","Tweet","Donald J. Trump","realDonaldTrump","109086101","53721","65617","9399","485561","20538","2025-04-07 09:55:39","https://x.com/realDonaldTrump/status/1909258777380974625","<a href=""http://twitter.com/download/iphone"" rel=""nofollow"">Twitter for iPhone</a>","","","",""
"1908300360810479821","These Houthis gathered for instructions on an attack. Oops, there will be no attack by these Houthis! 

They will never sink our ships again! https://t.co/lEzfyDgWP5","en","Tweet","Donald J. Trump","realDonaldTrump","143689396","70941","58323","22992","460329","38787","2025-04-04 18:27:15","https://x.com/realDonaldTrump/status/1908300360810479821","<a href=""http://twitter.com/download/iphone"" rel=""nofollow"">Twitter for iPhone</a>","","","video","https://video.twimg.com/amplify_video/1908300301850779648/vid/avc1/1080x604/3lZUOyCEzmuZY0bj.mp4?tag=16"
"1907782254572470670","https://t.co/ZoSf5TdLqo","zxx","Tweet","Donald J. Trump","realDonaldTrump","39800003","26119","30481","1958","175243","6484","2025-04-03 08:08:29","https://x.com/realDonaldTrump/status/1907782254572470670","<a href=""http://twitter.com/download/iphone"" rel=""nofollow"">Twitter for iPhone</a>","","","video","https://video.twimg.com/amplify_video/1907777886095912960/vid/avc1/1920x1080/oEnF98wBlPMwznao.mp4?tag=16"
"1907525286150754745","https://t.co/CdTzF2sfMZ","zxx","Tweet","Donald J. Trump","realDonaldTrump","41430654","13693","22920","1261","114897","4621","2025-04-02 15:07:22","https://x.com/realDonaldTrump/status/1907525286150754745","<a href=""http://twitter.com/download/iphone"" rel=""nofollow"">Twitter for iPhone</a>","","https://x.com/i/broadcasts/1DXGyqbjAoVGM","",""
"1907459922113028104","https://t.co/k8Eh7B8fq3","zxx","Tweet","Donald J. Trump","realDonaldTrump","47536348","12573","28532","1637","152065","7554","2025-04-02 10:47:38","https://x.com/realDonaldTrump/status/1907459922113028104","<a href=""http://twitter.com/download/iphone"" rel=""nofollow"">Twitter for iPhone</a>","","","video","https://video.twimg.com/amplify_video/1907459768446300162/vid/avc1/1280x720/SsWWd7-MwJoL4TQj.mp4?tag=16"
"1907428426648023398","https://t.co/RPXb6Y9E6y","zxx","Tweet","Donald J. Trump","realDonaldTrump","78982136","37443","44963","4562","365400","6006","2025-04-02 08:42:29","https://x.com/realDonaldTrump/status/1907428426648023398","<a href=""http://twitter.com/download/iphone"" rel=""nofollow"">Twitter for iPhone</a>","","","photo","https://pbs.twimg.com/media/GniMC0aXwAAlnUJ.jpg"
"1907174400144589035","REPUBLICANS MUST DEFUND AND TOTALLY DISASSOCIATE THEMSELVES FROM NPR &amp; PBS, THE RADICAL LEFT “MONSTERS” THAT SO BADLY HURT OUR COUNTRY!","en","Tweet","Donald J. Trump","realDonaldTrump","66532198","21524","37206","3745","253714","4089","2025-04-01 15:53:05","https://x.com/realDonaldTrump/status/1907174400144589035","<a href=""http://twitter.com/download/iphone"" rel=""nofollow"">Twitter for iPhone</a>","","","",""
"1906780985888522694","The Iran-backed Houthi Terrorists have been decimated by the relentless strikes over the past two weeks. Many of their Fighters and Leaders are no longer with us. We hit them every day and night — Harder and harder. Their capabilities that threaten Shipping and the Region are rapidly being destroyed. Our attacks will continue until they are no longer a threat to Freedom of Navigation. The choice for the Houthis is clear: Stop shooting at U.S. ships, and we will stop shooting at you. Otherwise, we have only just begun, and the real pain is yet to come, for both the Houthis and their sponsors in Iran.","en","Tweet","Donald J. Trump","realDonaldTrump","66196682","23648","37684","2913","257468","6453","2025-03-31 13:49:47","https://x.com/realDonaldTrump/status/1906780985888522694","<a href=""http://twitter.com/download/iphone"" rel=""nofollow"">Twitter for iPhone</a>","","","",""
"1906780813204836475","There will never have been a transformation of a Country like the transformation that is happening, for all to see, in the United States of America. Companies are pouring into our Country at levels never seen before, with Jobs (and Money!) to follow. It is a beautiful thing to watch!","en","Tweet","Donald J. Trump","realDonaldTrump","74869917","35517","49044","4035","354859","8522","2025-03-31 13:49:06","https://x.com/realDonaldTrump/status/1906780813204836475","<a href=""http://twitter.com/download/iphone"" rel=""nofollow"">Twitter for iPhone</a>","","","",""
"1906780560141250562","In two months, there has been more Private Investment spoken for, and/or committed to, than in four years of the Sleepy Joe Biden Administration — A fact that the Fake News hates talking about!","en","Tweet","Donald J. Trump","realDonaldTrump","52768387","9825","24080","951","171672","2292","2025-03-31 13:48:06","https://x.com/realDonaldTrump/status/1906780560141250562","<a href=""http://twitter.com/download/iphone"" rel=""nofollow"">Twitter for iPhone</a>","","","",""
"1906772680805646368","Thank you President Bukele, of El Salvador, for taking the criminals that were so stupidly allowed, by the Crooked Joe Biden Administration, to enter our Country, and giving them such a wonderful place to live!","en","Tweet","Donald J. Trump","realDonaldTrump","65004846","12875","54756","1994","344798","8896","2025-03-31 13:16:47","https://x.com/realDonaldTrump/status/1906772680805646368","<a href=""http://twitter.com/download/iphone"" rel=""nofollow"">Twitter for iPhone</a>","","","",""
"1906703745158660177","Last night, in a joint military operation with our allies from the United States, we transferred 17 extremely dangerous criminals linked to Tren de Aragua and MS-13.

All individuals are confirmed murderers and high-profile offenders, including six child rapists.

This operation is another step in the fight against terrorism and organized crime.","en","Quoted","Nayib Bukele","nayibbukele","69941542","8826","27002","3365","149737","7603","2025-03-31 08:42:52","https://x.com/nayibbukele/status/1906703745158660177","<a href=""http://twitter.com/download/iphone"" rel=""nofollow"">Twitter for iPhone</a>","","","video","https://video.twimg.com/amplify_video/1906703618968862720/vid/avc1/1080x1920/HzEvvK3xCZTvhYMr.mp4?tag=16"
"1906701492192420117","https://t.co/PRHm1dTtSX","zxx","Tweet","Donald J. Trump","realDonaldTrump","39612788","11430","22132","1267","120384","5153","2025-03-31 08:33:55","https://x.com/realDonaldTrump/status/1906701492192420117","<a href=""http://twitter.com/download/iphone"" rel=""nofollow"">Twitter for iPhone</a>","","","video","https://video.twimg.com/amplify_video/1906701334314663936/vid/avc1/1636x720/9jb1n63wgGRFWwsz.mp4?tag=16"
"1906700623615078744","America First Patriot Randy Fine is running to represent the Wonderful People of Florida’s 6th Congressional District! A highly successful, Harvard educated businessman, and greatly respected State Legislator, Randy has been a tremendous Voice for MAGA. In Congress, Randy will be an incredible fighter, who will work tirelessly with me to Strengthen our Economy, Lower Taxes, Secure the Border, Champion our Military/Vets, Ensure American Energy DOMINANCE, Protect our always under siege Second Amendment, and Advance PEACE THROUGH STRENGTH.
 
Randy Fine has my Complete and Total Endorsement! Election Day is this Tuesday, April 1st. GET OUT AND VOTE FOR RANDY — HE WILL NOT LET YOU DOWN! https://t.co/3Bnn5ZweH2","en","Tweet","Donald J. Trump","realDonaldTrump","64391012","9724","20269","1136","101084","1457","2025-03-31 08:30:28","https://x.com/realDonaldTrump/status/1906700623615078744","<a href=""http://twitter.com/download/iphone"" rel=""nofollow"">Twitter for iPhone</a>","","","",""
"1906700533240680783","Jimmy Patronis, Chief Financial Officer and Fire Marshall for the Great State of Florida, is running an incredible Campaign for Congress in Florida’s 1st Congressional District! A fourth generation Floridian from the beautiful Panhandle, and owner of an iconic seafood restaurant, Jimmy has been a wonderful friend to me, and to MAGA. As your next Congressman, Jimmy will fight hard alongside of me to Grow our Economy, Cut Taxes, Secure our Border, Stop Migrant Crime, Strengthen our Brave Military/Vets, Restore American Energy DOMINANCE, and Defend our always under siege Second Amendment.
 
Florida, Election Day is this Tuesday, April 1st. GET OUT AND VOTE FOR JIMMY PATRONIS. Jimmy has my Complete and Total Endorsement — HE WILL NEVER LET YOU DOWN! https://t.co/xP3nBIgOep","en","Tweet","Donald J. Trump","realDonaldTrump","29224747","3212","18360","337","89237","961","2025-03-31 08:30:06","https://x.com/realDonaldTrump/status/1906700533240680783","<a href=""http://twitter.com/download/iphone"" rel=""nofollow"">Twitter for iPhone</a>","","","",""
"1905689237749727368","https://t.co/i1rW9HroWn","zxx","Tweet","Donald J. Trump","realDonaldTrump","68795571","25331","49418","6177","295273","23882","2025-03-28 13:31:34","https://x.com/realDonaldTrump/status/1905689237749727368","<a href=""http://twitter.com/download/iphone"" rel=""nofollow"">Twitter for iPhone</a>","","","video","https://video.twimg.com/amplify_video/1905689034154016769/vid/avc1/1280x720/FpyY0R_sKGfzuRo5.mp4?tag=16"
"1904362652987429338","FIGHT, FIGHT, FIGHT!!! https://t.co/irQ5B6TRE2","en","Tweet","Donald J. Trump","realDonaldTrump","24203584","24397","45789","2687","254701","11445","2025-03-24 21:40:12","https://x.com/realDonaldTrump/status/1904362652987429338","<a href=""http://twitter.com/download/iphone"" rel=""nofollow"">Twitter for iPhone</a>","","","video","https://video.twimg.com/amplify_video/1904362577611603969/vid/avc1/576x576/PShD2paxCaK1JUhb.mp4?tag=16"
"1903215026682380513","https://t.co/6TBzTaF8iM","zxx","Tweet","Donald J. Trump","realDonaldTrump","51145268","43052","63788","4645","302304","9432","2025-03-21 17:39:57","https://x.com/realDonaldTrump/status/1903215026682380513","<a href=""http://twitter.com/download/iphone"" rel=""nofollow"">Twitter for iPhone</a>","","","photo","https://pbs.twimg.com/media/GmmT-d3aEAAlGZx.jpg"
"1902818394946277485","https://t.co/7l5mGYjROe","zxx","Tweet","Donald J. Trump","realDonaldTrump","30520405","10991","19585","666","100621","2545","2025-03-20 15:23:52","https://x.com/realDonaldTrump/status/1902818394946277485","<a href=""http://twitter.com/download/iphone"" rel=""nofollow"">Twitter for iPhone</a>","","https://x.com/i/broadcasts/1nAJEgjywMeKL","",""
"1899637674241048800","Elon Musk: “As a function of the great policies of President Trump and his administration, and as an act of faith in America, Tesla is going to DOUBLE vehicle output in the United States within the next two years…” https://t.co/g8jY77yxtP","en","Tweet","Donald J. Trump","realDonaldTrump","46161384","44519","42558","3144","315990","7265","2025-03-11 20:44:49","https://x.com/realDonaldTrump/status/1899637674241048800","<a href=""http://twitter.com/download/iphone"" rel=""nofollow"">Twitter for iPhone</a>","","","video","https://video.twimg.com/amplify_video/1899637616896618498/vid/avc1/1280x720/UMeMNwyEGucFoDJ_.mp4?tag=16"
"1899636898533867969","Number one, it's a great product, as good as it gets—and number two, because @ElonMusk has devoted his energy and his life to doing this and I think he has been treated very unfairly… https://t.co/6qrfwrbT0f","en","Tweet","Donald J. Trump","realDonaldTrump","56181121","30742","45835","3725","380472","9083","2025-03-11 20:41:44","https://x.com/realDonaldTrump/status/1899636898533867969","<a href=""http://twitter.com/download/iphone"" rel=""nofollow"">Twitter for iPhone</a>","","","video","https://video.twimg.com/amplify_video/1899636827901833216/vid/avc1/1280x720/W5aN5y68FAmGyiiV.mp4?tag=16"
"1897851767817216426","https://t.co/ReyOK1CGPF","zxx","Tweet","Donald J. Trump","realDonaldTrump","37573483","30507","40041","2235","237755","11002","2025-03-06 21:28:16","https://x.com/realDonaldTrump/status/1897851767817216426","<a href=""http://twitter.com/download/iphone"" rel=""nofollow"">Twitter for iPhone</a>","","","video","https://video.twimg.com/amplify_video/1897851681368358912/vid/avc1/1920x1080/7ojUsjHQCLIJuTxV.mp4?tag=16"
"1897109875856920752","https://t.co/LwOIz29x2t","zxx","Tweet","Donald J. Trump","realDonaldTrump","41183063","25240","31217","1808","180081","9328","2025-03-04 20:20:15","https://x.com/realDonaldTrump/status/1897109875856920752","<a href=""http://twitter.com/download/iphone"" rel=""nofollow"">Twitter for iPhone</a>","","https://x.com/i/broadcasts/1lDxLzYBAEzGm","",""
"1895566669281636846","https://t.co/Ja8HQTFpf7","zxx","Tweet","Donald J. Trump","realDonaldTrump","108546424","126858","93582","10849","756614","26739","2025-02-28 14:08:06","https://x.com/realDonaldTrump/status/1895566669281636846","<a href=""http://twitter.com/download/iphone"" rel=""nofollow"">Twitter for iPhone</a>","","","photo","https://pbs.twimg.com/media/Gk5n1qdXgAAtFBR.jpg"
"1895210401891262760","https://t.co/tJ22x6ldl3","zxx","Tweet","Donald J. Trump","realDonaldTrump","35221003","15282","16266","587","91252","2946","2025-02-27 14:32:25","https://x.com/realDonaldTrump/status/1895210401891262760","<a href=""http://twitter.com/download/iphone"" rel=""nofollow"">Twitter for iPhone</a>","","https://x.com/i/broadcasts/1lDxLzYZyOLGm","",""
"1894862986138808530","https://t.co/qpU1uT8B8Z","zxx","Tweet","Donald J. Trump","realDonaldTrump","35410620","33320","22118","773","114462","4952","2025-02-26 15:31:55","https://x.com/realDonaldTrump/status/1894862986138808530","<a href=""http://twitter.com/download/iphone"" rel=""nofollow"">Twitter for iPhone</a>","","https://x.com/i/broadcasts/1MnGnwqMBleJO","",""
"1894126415932526802","https://t.co/9pZeARuStB","zxx","Tweet","Donald J. Trump","realDonaldTrump","58630847","55444","45099","3524","298623","9079","2025-02-24 14:45:03","https://x.com/realDonaldTrump/status/1894126415932526802","<a href=""http://twitter.com/download/iphone"" rel=""nofollow"">Twitter for iPhone</a>","","","photo","https://pbs.twimg.com/media/GklJ6zyW8AA63ci.jpg"
"1894113204319424674","https://t.co/BlCIdTrJDd","zxx","Tweet","Donald J. Trump","realDonaldTrump","29207807","13700","18789","456","82399","2770","2025-02-24 13:52:33","https://x.com/realDonaldTrump/status/1894113204319424674","<a href=""http://twitter.com/download/iphone"" rel=""nofollow"">Twitter for iPhone</a>","","https://x.com/i/broadcasts/1YqKDZvRqqeJV","",""
"1892397388595093561","https://t.co/nmaExq4VMw","zxx","Tweet","Donald J. Trump","realDonaldTrump","57743966","45368","41499","2735","293645","4345","2025-02-19 20:14:31","https://x.com/realDonaldTrump/status/1892397388595093561","<a href=""http://twitter.com/download/iphone"" rel=""nofollow"">Twitter for iPhone</a>","","","photo","https://pbs.twimg.com/media/GkMlZPpXEAA_PJ_.jpg"
"1892344088172646484","https://t.co/BlidhHnH2i","zxx","Tweet","Donald J. Trump","realDonaldTrump","32253327","11632","18049","662","100833","3454","2025-02-19 16:42:43","https://x.com/realDonaldTrump/status/1892344088172646484","<a href=""http://twitter.com/download/iphone"" rel=""nofollow"">Twitter for iPhone</a>","","https://x.com/i/broadcasts/1dRJZYBmbNaGB","",""
"1892242622623699357","https://t.co/PMcrOwXejI","zxx","Tweet","Donald J. Trump","realDonaldTrump","113994141","85482","102215","21822","613652","36370","2025-02-19 09:59:32","https://x.com/realDonaldTrump/status/1892242622623699357","<a href=""http://twitter.com/download/iphone"" rel=""nofollow"">Twitter for iPhone</a>","","","photo","https://pbs.twimg.com/media/GkKYoYPWMAAuCdj.jpg"
"1892012275789135905","https://t.co/xcDIB8Pi30","zxx","Tweet","Donald J. Trump","realDonaldTrump","58449062","40840","68462","5700","469375","9355","2025-02-18 18:44:13","https://x.com/realDonaldTrump/status/1892012275789135905","<a href=""http://twitter.com/download/iphone"" rel=""nofollow"">Twitter for iPhone</a>","","","photo","https://pbs.twimg.com/media/GkHHI3WWcAAK0Br.jpg"
"1892012075603382664","https://t.co/vtx3xYvguL","zxx","Tweet","Donald J. Trump","realDonaldTrump","43882195","15065","26777","2295","194251","6127","2025-02-18 18:43:25","https://x.com/realDonaldTrump/status/1892012075603382664","<a href=""http://twitter.com/download/iphone"" rel=""nofollow"">Twitter for iPhone</a>","","","video","https://video.twimg.com/amplify_video/1891976210017669120/vid/avc1/1280x720/ex4r0LzkDj3C98PN.mp4?tag=16"
"1891572283161944433","On Trade, I have decided, for purposes of Fairness, that I will charge a RECIPROCAL Tariff meaning, whatever Countries charge the United States of America, we will charge them - No more, no less!

For purposes of this United States Policy, we will consider Countries that use the VAT System, which is far more punitive than a Tariff, to be similar to that of a Tariff. Sending merchandise, product, or anything by any other name through another Country, for purposes of unfairly harming America, will not be accepted. In addition, we will make provision for subsidies provided by Countries in order to take Economic advantage of the United States. Likewise, provisions will be made for Nonmonetary Tariffs and Trade Barriers that some Countries charge in order to keep our product out of their domain or, if they do not even let U.S. businesses operate. We are able to accurately determine the cost of these Nonmonetary Trade Barriers. It is fair to all, no other Country can complain and, in some cases, if a Country feels that the United States would be getting too high a Tariff, all they have to do is reduce or terminate their Tariff against us. There are no Tariffs if you manufacture or build your product in the United States.

For many years, the U.S. has been treated unfairly by other Countries, both friend and foe. This System will immediately bring Fairness and Prosperity back into the previously complex and unfair System of Trade. America has helped many Countries throughout the years, at great financial cost. It is now time that these Countries remember this, and treat us fairly – A LEVEL PLAYING FIELD FOR AMERICAN WORKERS. I have instructed my Secretary of State, Secretary of Commerce, Secretary of the Treasury, and United States Trade Representative (USTR) to do all work necessary to deliver RECIPROCITY to our System of Trade!","en","Tweet","Donald J. Trump","realDonaldTrump","76064974","33321","64662","7612","423709","21497","2025-02-17 13:35:50","https://x.com/realDonaldTrump/status/1891572283161944433","<a href=""http://twitter.com/download/iphone"" rel=""nofollow"">Twitter for iPhone</a>","","","",""
"1891571953682481498","https://t.co/eZUiPWNEEE","zxx","Tweet","Donald J. Trump","realDonaldTrump","60022905","20945","50410","1833","540289","8406","2025-02-17 13:34:32","https://x.com/realDonaldTrump/status/1891571953682481498","<a href=""http://twitter.com/download/iphone"" rel=""nofollow"">Twitter for iPhone</a>","","","video","https://video.twimg.com/amplify_video/1891203801211674624/vid/avc1/1080x1920/oEHLswLGipl5M58p.mp4?tag=16"
"1891571874498232512","https://t.co/WTZYKOPVnK","zxx","Tweet","Donald J. Trump","realDonaldTrump","42472405","16308","38287","1244","406306","5613","2025-02-17 13:34:13","https://x.com/realDonaldTrump/status/1891571874498232512","<a href=""http://twitter.com/download/iphone"" rel=""nofollow"">Twitter for iPhone</a>","","","video","https://video.twimg.com/amplify_video/1891201561637920768/vid/avc1/1080x1920/TwA6ac3rAQqnIEwe.mp4?tag=16"
